ID,count,gender,name,probability
10339832500,38121,female,Valerie,0.98
11239173800,8922,male,Shawn,0.97
11940538200,71365,male,Andreas,0.99
12772232000,6167,male,Ravi,0.98
12786115500,20919,male,Joshua,0.99
12805621200,176440,male,Thomas,0.99
13204605100,46013,male,Andres,0.98
13310394600,218952,male,John,0.99
14060479200,25344,male,Anton,0.97
14065735100,91174,male,Pierre,0.99
15731445100,245870,male,Michael,0.99
15833004100,48557,female,Karen,0.95
16048547000,31516,male,Amir,0.98
16306627900,218952,male,John,0.99
16402255800,69,male,Amnon,1.0
16403994600,148099,male,Paul,0.99
16446204900,218952,male,John,0.99
17342742600,5228,female,Ulrike,0.97
19336384800,180687,male,Martin,0.98
21233610700,185452,male,Luca,0.96
21733328700,177418,male,Robert,0.99
22133551000,2807,male,Nathaniel,0.97
22235492700,23770,male,Adrien,0.98
22833332800,153288,male,Patrick,0.99
22938088500,499,male,Hanno,0.88
22961980500,2947,male,Ming,0.74
22979039200,3194,male,Morris,0.98
23013052900,176440,male,Thomas,0.99
23037784200,105,male,Motohiro,1.0
23080621700,9241,male,Ross,0.82
23097817700,7539,female,Galina,0.99
23166985700,38777,male,Francis,0.94
23392047000,119313,male,Mark,0.99
23480627400,1801,male,Skander,0.98
23486887800,81357,female,Monica,0.99
23492216000,45589,male,Emmanuel,0.99
23973413200,383713,female,Anna,0.98
24329697200,1446,male,Devin,0.94
24376641200,15568,male,Guido,0.99
24376751800,3323,male,Augustin,0.98
24404734500,278,male,Takeo,0.97
24436846100,375,female,Anusha,0.97
24764534000,480,female,Mariacristina,0.98
24824916100,2643,male,Atif,0.98
24825198500,317409,male,Daniel,0.99
25421210200,1,male,Yungching,1.0
25637149400,157365,male,Kevin,0.99
26323576100,35658,female,Victoria,0.98
35496364300,101928,male,Richard,0.99
35585929500,180687,male,Martin,0.98
35808576700,38897,male,Bernard,0.98
35960015300,21506,male,Andrei,0.97
36138563300,1584,male,Ping,0.53
36194313500,41504,male,Albert,0.98
36195742600,36980,male,Stephen,0.99
36451373500,17450,male,Dimitris,0.99
36785631000,1,male,Keimu,1.0
36927421500,35318,male,Tomas,0.99
36977188800,31815,male,Scott,0.99
51865098300,2653,female,Jing,0.75
55147487400,16755,male,Nicholas,0.99
55245909000,17962,male,Marcelo,0.99
55446106100,287,male,Sanjiv,0.99
55467215200,441,female,Neng,0.51
55489559900,36980,male,Stephen,0.99
55493188400,106666,female,Julia,0.97
55495815300,8,male,Roberton,1.0
55531425000,77,male,Eswar,0.99
55709197700,4669,female,Lu,0.57
55893152500,16755,male,Nicholas,0.99
55896944200,5673,female,Valery,0.57
55898985800,76702,male,Olivier,0.99
55900238200,44343,male,Cedric,0.99
55945872300,371,male,Aart,0.97
56009422500,47703,male,Markus,1.0
56037328500,4390,female,Nan,0.7
56067979000,16755,male,Nicholas,0.99
56069219500,12470,male,Wayne,0.98
56154737700,350,male,Burton,0.92
56224163300,42623,female,Nancy,0.98
56273103800,51483,male,Brian,0.99
56327374500,245870,male,Michael,0.99
56556826300,60815,male,Nicola,0.85
56662704700,5779,male,Wei,0.72
56701169100,2653,female,Jing,0.75
57191402445,12157,female,Edith,0.98
57193483322,64097,male,William,0.99
57199249080,101928,male,Richard,0.99
57199280201,69,male,Amnon,1.0
57202344470,61542,male,Steven,0.99
57202768608,180687,male,Martin,0.98
57203069604,19741,female,Judith,0.98
6503994055,302977,male,Andrea,0.62
6505493534,23736,male,Dirk,0.99
6505783203,317409,male,Daniel,0.99
6505799540,119313,male,Mark,0.99
6505814876,3250,female,Antoinette,0.98
6505875912,36980,male,Stephen,0.99
6505885011,43663,male,Federico,0.99
6505985614,1162,male,Mico,0.89
6506433914,9790,female,Annette,0.98
6506527390,13681,female,Belen,0.99
6506641986,148481,female,Monika,0.98
6506784723,61026,male,Tomasz,1.0
6506962565,113500,male,Fabio,0.99
6507055522,35521,male,Matthew,1.0
6507256174,4084,male,Pierpaolo,0.99
6507294106,30023,male,Walter,0.99
6507310217,101928,male,Richard,0.99
6507592418,,,Amiyatosh,0.0
6507947601,156233,male,Christian,0.99
6508167439,43964,male,Eduardo,0.99
6508204775,3861,male,Nicolae,0.91
6508281208,334287,female,Maria,0.98
6601926430,60259,male,Joseph,0.99
6601996611,501011,male,David,0.99
6602077254,60301,male,Andrew,0.99
6602099638,626,female,Rosanne,0.98
6602144540,5,male,Nouriel,0.8
6602150854,8077,male,Holger,0.99
6602186194,10303,male,Gian,0.98
6602218301,106743,female,Francesca,0.99
6602234506,1663,male,Chester,0.96
6602240480,65488,male,George,0.98
6602310973,176693,male,Luis,0.99
6602317029,1326,male,Urban,0.94
6602429118,151858,male,Roberto,0.99
6602431067,62465,male,Benjamin,0.99
6602458650,20919,male,Joshua,0.99
6602490477,21679,male,Raymond,0.99
6602502546,49331,male,Charles,0.99
6602527346,156083,male,Chris,0.9
6602544953,2025,male,Sydney,0.59
6602597836,64753,female,Caroline,0.98
6602659594,57303,male,Denis,0.96
6602669176,64776,male,Toni,0.94
6602685699,19490,male,Craig,0.99
6602759166,101928,male,Richard,0.99
6602815840,10625,female,Bernadette,0.98
6602929281,168958,male,Mario,0.99
6602941990,501011,male,David,0.99
6602989968,451671,male,Jose,0.98
6602991513,869,male,Dwight,0.99
6603027527,37832,male,Julio,0.98
6603047433,284,male,Til,0.86
6603092424,26836,male,Francois,0.98
6603102424,102713,male,Paolo,0.99
6603131574,12,male,Erzo,1.0
6603142772,22034,male,Jeffrey,0.99
6603158120,61364,male,Vincenzo,0.99
6603245402,31474,male,Tobias,1.0
6603255760,22678,male,Bryan,0.99
6603277860,19,male,Sendhil,1.0
6603277936,20666,male,Kenneth,0.98
6603320180,60301,male,Andrew,0.99
6603347234,15119,male,Jacob,0.99
6603409344,91174,male,Pierre,0.99
6603441642,43663,male,Federico,0.99
6603477130,236888,male,Carlos,0.99
6603486284,6598,male,Todd,0.99
6603501917,14762,male,Henri,0.98
6603566491,99198,female,Linda,0.98
6603571764,177418,male,Robert,0.99
6603579570,245870,male,Michael,0.99
6603663191,176440,male,Thomas,0.99
6603697614,130,male,Murillo,0.94
6603869069,2073,male,Randall,0.99
6603889672,12470,male,Wayne,0.98
6603904420,14,male,Gauti,1.0
6603944251,180687,male,Martin,0.98
6604020003,135071,male,Eric,0.99
6701331523,38777,male,Francis,0.94
6701468567,1701,male,Darrell,0.98
6701521662,20666,male,Kenneth,0.98
6701547607,117309,male,James,0.99
6701568246,4067,male,Owen,0.98
6701569716,101928,male,Richard,0.99
6701579737,12664,male,Giancarlo,0.99
6701606939,119,male,Narayana,0.82
6701621055,21882,male,Philip,0.99
6701633195,24633,male,Aaron,0.99
6701710674,24495,male,Nelson,0.98
6701711758,68107,female,Stephanie,0.98
6701823402,218952,male,John,0.99
6701835571,36091,male,Erik,0.99
6701920051,82618,male,Philippe,0.99
7003275699,102713,male,Paolo,0.99
7003289718,148099,male,Paul,0.99
7003382478,223,female,Sheridan,0.56
7003408304,501011,male,David,0.99
7003433892,29381,male,Gary,0.99
7003458167,4834,male,Gregor,0.99
7003509838,26402,male,Matthias,1.0
7003584662,19490,male,Craig,0.99
7003683626,1081,female,Ratna,0.95
7003688582,22248,male,Edward,0.99
7003812265,101928,male,Richard,0.99
7003941859,16593,male,Maurice,0.98
7003963679,60259,male,Joseph,0.99
7003982192,12873,male,Ivo,0.98
7004046424,14,male,Menzie,0.64
7004065954,87986,male,Jonathan,0.99
7004110147,68518,male,Luigi,0.99
7004114269,5138,male,Geert,0.99
7004241060,20666,male,Kenneth,0.98
7004262527,19,female,Hayne,0.58
7004484373,60301,male,Andrew,0.99
7004513266,64097,male,William,0.99
7004587587,45589,male,Emmanuel,0.99
7004926273,56601,female,Paola,0.99
7005009452,6277,female,Janice,0.98
7005203497,248,male,Viral,0.96
7005490343,60301,male,Andrew,0.99
7005492291,6450,female,Kerry,0.8
7005516119,1448,male,Arvind,0.99
7005662111,34325,male,Fabrizio,0.99
7005701459,203,male,Boyan,0.98
7005702132,101928,male,Richard,0.99
7005722584,452,female,Manju,0.51
7005785064,5586,female,Helene,0.98
7005881414,119313,male,Mark,0.99
7006012090,177418,male,Robert,0.99
7006086543,39948,male,Alan,0.99
7006094907,20666,male,Kenneth,0.98
7006157135,25630,male,Enrique,0.99
7006215397,8746,male,Per,0.97
7006247659,142869,male,Jan,0.95
7006264503,135071,male,Eric,0.99
7006328109,75750,male,Ricardo,0.99
7006340673,20591,male,Karl,0.98
7006465007,177418,male,Robert,0.99
7006581715,37914,female,Luisa,0.98
7006623149,65488,male,George,0.98
7006646386,31516,male,Amir,0.98
7006715604,64097,male,William,0.99
7006792655,5262,male,Kent,0.98
7007064657,245870,male,Michael,0.99
7101790332,36980,male,Stephen,0.99
7101861907,17918,male,Josh,0.99
7101878064,6560,male,Anil,0.97
7101962367,31233,female,Amy,0.97
7101966021,60259,male,Joseph,0.99
7102349472,22034,male,Jeffrey,0.99
7102425571,9801,male,Glenn,0.98
7102451433,24,male,Amartya,0.96
7102515412,5852,male,Franklin,0.98
7102587835,3715,male,Fritz,0.95
7102619783,9529,male,Douglas,0.99
7102700712,29554,male,Jon,0.98
7102716111,218952,male,John,0.99
7102763125,165452,male,Peter,0.99
7102896501,10696,male,Brad,0.99
7102943648,51483,male,Brian,0.99
7102972123,245870,male,Michael,0.99
7102989698,49331,male,Charles,0.99
7102998555,218952,male,John,0.99
7103228992,177418,male,Robert,0.99
7103229487,2369,male,Leonid,1.0
7103390682,9983,male,Jesse,0.91
7201500230,60301,male,Andrew,0.99
7201524371,3373,male,Torben,1.0
7201532199,1563,male,Bent,0.75
7201590382,22753,male,Lars,0.99
7201596918,48557,female,Karen,0.95
7201695946,49331,male,Charles,0.99
7201717879,4389,male,Lasse,0.99
7201841055,293,male,Mihir,1.0
7201994725,19741,female,Judith,0.98
7202007188,60259,male,Joseph,0.99
7202026123,33214,female,Deborah,0.99
7202208577,10695,male,Stuart,0.99
7202232626,53539,male,Christopher,0.99
7202298683,9801,male,Glenn,0.98
7202846223,3000,male,Mitchell,0.96
7202955757,501011,male,David,0.99
7202973322,245870,male,Michael,0.99
7202980403,21882,male,Philip,0.99
7202998173,87986,male,Jonathan,0.99
7203010992,12849,male,Joao,0.98
7401576349,22753,male,Lars,0.99
7401621702,6411,male,Gordon,0.99
7401765384,228,male,Shang,0.68
7401822050,87986,male,Jonathan,0.99
7401840910,177418,male,Robert,0.99
7401976575,35521,male,Matthew,1.0
7402055394,35521,male,Matthew,1.0
7402186390,501011,male,David,0.99
7402446305,99198,female,Linda,0.98
7402750873,48233,male,Jeremy,0.99
7402754623,38190,male,Roger,0.98
7403010545,177418,male,Robert,0.99
7403075430,3722,male,Malcolm,0.99
7403452081,22,male,Adlai,0.73
7403713601,151858,male,Roberto,0.99
7403917219,101928,male,Richard,0.99
7404012037,3864,male,Hyun,0.63
7404064334,180687,male,Martin,0.98
7404268367,218952,male,John,0.99
7404338428,5609,male,Russell,0.98
7404407756,245870,male,Michael,0.99
7404595160,87986,male,Jonathan,0.99
7406326915,71276,male,Simon,0.98
7701323997,710,male,Jiang,0.68
7801361043,53539,male,Christopher,0.99
7801632189,804,female,Sebnem,0.98
8104429100,157365,male,Kevin,0.99
8147711800,177418,male,Robert,0.99
8241780000,156233,male,Christian,0.99
8320380400,74278,female,Jenny,0.98
8334190300,17278,male,Adriano,0.99
8450457100,266121,female,Sandra,0.98
8520304400,146,male,Itay,0.99
8544896700,65488,male,George,0.98
8622256800,75750,male,Ricardo,0.99
8713001100,5528,female,Camelia,0.98
8716236500,1485,female,Gita,0.94
8850820200,8165,male,Stanley,0.99
8924744900,98797,male,Francisco,0.99
8943873200,11501,male,Ariel,0.81
8966315100,1252,male,Jonah,0.76
9133069500,288403,female,Laura,0.98
9634803000,2065,male,Vinay,0.99
9738184300,144795,female,Jessica,0.98
